-- Inserting into ZIP_CODE table
INSERT INTO ZIP_CODE  VALUES  (01867, 'Reading', 'MA', 'USA');
INSERT INTO ZIP_CODE  VALUES  (07728, 'Freehold', 'NJ', 'USA');
INSERT INTO ZIP_CODE  VALUES  (91733, 'South El Mote', 'CA', 'USA');
INSERT INTO ZIP_CODE  VALUES  (15401, 'Uniontown', 'PA', 'USA');
INSERT INTO ZIP_CODE  VALUES  (06010, 'Bristol', 'CT', 'USA');
INSERT INTO ZIP_CODE  VALUES  (11561, 'Long Beach', 'NY', 'USA');
INSERT INTO ZIP_CODE  VALUES  (97603, 'Kamath Falls', 'OR', 'USA');
INSERT INTO ZIP_CODE  VALUES  (17011, 'Camp Hill', 'PA', 'USA');
INSERT INTO ZIP_CODE  VALUES  (27103, 'Winston Salem', 'NC', 'USA');
INSERT INTO ZIP_CODE  VALUES  (32127, 'Port Orange', 'FL', 'USA');
INSERT INTO ZIP_CODE  VALUES  (18901, 'Doylestown', 'PA', 'USA');
INSERT INTO ZIP_CODE  VALUES  (32804, 'Saint Augustine', 'FL', 'USA');
INSERT INTO ZIP_CODE  VALUES  (02852, 'North Kingstown', 'RI', 'USA');
INSERT INTO ZIP_CODE  VALUES  (17402, 'York', 'PA', 'USA');
INSERT INTO ZIP_CODE  VALUES  (20854, 'Potomac', 'MD', 'USA');
INSERT INTO ZIP_CODE  VALUES  (30274, 'Riverdale', 'GA', 'USA');
INSERT INTO ZIP_CODE  VALUES  (11791, 'Syosset', 'NY', 'USA');
INSERT INTO ZIP_CODE  VALUES  (70605, 'Lake Charles', 'LA', 'USA');
INSERT INTO ZIP_CODE  VALUES  (12401, 'Kingston', 'NY', 'USA');
INSERT INTO ZIP_CODE  VALUES  (60085, 'Waukegan', 'IL', 'USA');

--Address table
INSERT INTO ADDRESS VALUES(1001, '4', 'Country Club Street', 01867);
INSERT INTO ADDRESS VALUES(1002, '9482', 'Summerhouse Street', 07728);
INSERT INTO ADDRESS VALUES(1003, '583', 'Cottage Street', 91733);
INSERT INTO ADDRESS VALUES(1004, '340', 'Greenview Lane', 15401);
INSERT INTO ADDRESS VALUES(1005, '7456', 'Lafayette St', 06010);
INSERT INTO ADDRESS VALUES(1006, '36', '4th Street',11561);
INSERT INTO ADDRESS VALUES(1007, '7043', 'S Goldfield Lane', 97603);
INSERT INTO ADDRESS VALUES(1008, '98', 'Roehampton Rd', 17011);
INSERT INTO ADDRESS VALUES(1009,'42', 'Clinton Street', 27103);
INSERT INTO ADDRESS VALUES(1010, '7782', 'E. Glenlake Drive', 32127);
INSERT INTO ADDRESS VALUES(1011, '9699', 'Green Lake Street', 18901);
INSERT INTO ADDRESS VALUES(1012, '504', 'Roehampton Rd', 32804);
INSERT INTO ADDRESS VALUES(1013, '614', 'Forest Street', 02852);
INSERT INTO ADDRESS VALUES(1014, '756', 'W.Mechanic St', 17402);
INSERT INTO ADDRESS VALUES(1015, '30', 'Galvin Street', 20854);
INSERT INTO ADDRESS VALUES(1016, '2', 'South Ann Street', 30274);
INSERT INTO ADDRESS VALUES(1017, '8029', 'Peachtree Lane', 11791);
INSERT INTO ADDRESS VALUES(1018, '25', 'Nut Swampt Street', 70605);
INSERT INTO ADDRESS VALUES(1019, '70', 'Constitution Rd', 12401);
INSERT INTO ADDRESS VALUES(1020, '499', 'Morris Drive', 60085 );

INSERT INTO CUSTOMER VALUES(5001, 'Wade Alvarez', 'wade123', 'Wade_Alvarez', '06-JUN-1973', 4894004252, 'Wade_Alvarez@gmail.com', 1010);
INSERT INTO CUSTOMER VALUES(5002, 'Jody Carr', 'carrcarr',  'Jody_Carr', '21-FEB-1973',  3428576263,'Jody_Carr@gmail.com', 1008);
INSERT INTO CUSTOMER VALUES(5003, 'Brad Black', 'brad_bl',  'Brad_Black', '09-MAY-2010', 4319951173,'Brad_Black123@gmail.com', 1009);
INSERT INTO CUSTOMER VALUES(5004, 'Darrin Washington', 'darrinw144', 'Darrin_Washington','05-MAR-2002', 5655293441,'Darrin_Washing@gmail.com',1011);
INSERT INTO CUSTOMER VALUES(5005, 'Karen Lopez', 'karenlopez@99', 'Karen_Lopez', '30-NOV-1969',   7005928143,'KarenLopez@gmail.com', 1006);
INSERT INTO CUSTOMER VALUES(5006, 'Kelly Thomas', 'qwerty1122', 'Kelly_Thomas', '29-APR-1961',  6506640312,'Kellythomas@gmail.com' ,1016);
INSERT INTO CUSTOMER VALUES(5007, 'Julian Wells', 'wells@76', 'Julian_Wells', '05-JAN-1965',  6397490511,'Julianwells@yahoo.com', 1001);
INSERT INTO CUSTOMER VALUES(5008, 'Gregory Palmer', 'palmergreg', 'Gregory_Palmer', '07-FEB-1992',  4686720114,'Gregory89Palmer@gmail.com', 1018);
INSERT INTO CUSTOMER VALUES(5009, 'Carla Neal', 'neal11', 'Carla_Neal', '06-APR-1960',  7485766983,'Carlaneal@gmail.com', 1017);
INSERT INTO CUSTOMER VALUES(5010, 'Mandy Hamilton', 'hamilton-mandy1', 'Mandy_Hamilton', '21-SEP-1960',  4697521902,'Mandy_hamilton@yahoo.com', 1007);
INSERT INTO CUSTOMER VALUES(5011, 'Andrea Brewer', 'brewer_2', 'Andrea_Brewer', '05-OCT-2008',  8542342689,'Andreabrewer@gmail.com', 1019);
INSERT INTO CUSTOMER VALUES(5012, 'Wallace Osborne', 'oswallace', 'Wallace_Osborne', '22-NOV-1977',  5877636912,'Wallaceosborne@yahoo.com', 1012);
INSERT INTO CUSTOMER VALUES(5013, 'Vickie Pena', 'pena_v12','Vickie_Pena', '08-JAN-1994',  4328927927,'Vickie_123pena@yahoo.com', 1002);
INSERT INTO CUSTOMER VALUES(5014, 'Danny Guerrero', 'dann754', 'Danny_Guerrero', '19-OCT-1974',  8845814087,'Dannyguerrero@gmail.com', 1013);
INSERT INTO CUSTOMER VALUES(5015, 'Andrew Myers', 'myersandrew', 'Andrew_Myers', '30-JAN-1977', 361968554,'Andrewmyers@gmail.com',  1005);
INSERT INTO CUSTOMER VALUES(5016, 'Betty Shelton', 'betty33', 'Betty_Shelton', '03-MAR-1973',  3946433835,'SheltonBetty@gmail.com', 1014);
INSERT INTO CUSTOMER VALUES(5017, 'Amy Morris', 'amy21', 'Amy_Morris', '11-NOV-1989',  7975690512,'Amy_Morris@gmail.com', 1003);
INSERT INTO CUSTOMER VALUES(5018, 'Nicole Larson', 'nicole_l', 'Nicole_Larson', '17-MAY-2002',  2152369726,'Larson_n@gmail.com', 1015);
INSERT INTO CUSTOMER VALUES(5019, 'Vicki Simpson', 'vicks1', 'Vicki_Simpson', '02-MAR-1990',  9184961776,'Vickisimpson123@gmail.com', 1020);
INSERT INTO CUSTOMER VALUES(5020, 'Amos Gibbs', 'amos23', 'Amos_Gibbs', '01-DEC-1994',  5842256768,'Amosgibbs@yahoo.com', 1004);

INSERT INTO SELLER VALUES(6001, 'Faith Jennings', 'Faith_Jennings', 'faith123', 2212786065,'jennings_faith@gmail.com',  1010);
INSERT INTO SELLER VALUES(6002, 'Kelvin Williams', 'Kelvin_Williams', 'Kelvin_Williams',  7546249541,'williams@gmail.com', 1008);
INSERT INTO SELLER VALUES(6003, 'Nicole Weaver', 'Nicole_Weaver', 'nicole33',  3049537937,'weaver_ni123@gmail.com', 1009);
INSERT INTO SELLER VALUES(6004, 'Mindy Munoz', 'Mindy_Munoz', 'Mindy_Munoz', 5006739512, 'mindy_munoz@gmail.com', 1011);
INSERT INTO SELLER VALUES(6005, 'Glen Gross', 'Glen_Gross', 'Glen093',  4374048589,'glengross@gmail.com', 1006);
INSERT INTO SELLER VALUES(6006, 'Tabitha Garner', 'Tabitha_Garner', 'TabithaGarner',  5849798416,'tabitha@gmail.com', 1016);
INSERT INTO SELLER VALUES(6007, 'Leroy Adkins', 'Leroy_Adkins', 'Leroy11Adkins', 3679735652,'leroyadkins@yahoo.com',  1001);
INSERT INTO SELLER VALUES(6008, 'Heather Ruiz', 'Heather_Ruiz', 'Heather_Ruiz',  9612629933,'ruizzheather@gmail.com', 1018);
INSERT INTO SELLER VALUES(6009, 'Candice Nash', 'Candice_Nash', 'Candice12Nash', 6523538206, 'nashcandice@gmail.com', 1017);
INSERT INTO SELLER VALUES(6010, 'Louise Hubbard', 'Louise_Hubbard', 'LHubbard',  8686555962,'hubbard@yahoo.com', 1007);

INSERT INTO ITEM_CONDITION VALUES (2001, 'Used-Like New' , 'Chair without arm rest');
INSERT INTO ITEM_CONDITION VALUES (2002, 'Used-Good', 'Branded worn only once');
INSERT INTO ITEM_CONDITION VALUES (2003, 'Used-Fair', 'Breathable running shoes for hot summer');
INSERT INTO ITEM_CONDITION VALUES (2004, 'Used-Good', 'Stylish light weight compact and modern study table');
INSERT INTO ITEM_CONDITION VALUES (2005, 'Used-Fair', 'Best crafting scissors for different patterns');
INSERT INTO ITEM_CONDITION VALUES (2006, 'Used-Good', 'Best blend of camera quality and battery life, latest model at the right price');
INSERT INTO ITEM_CONDITION VALUES (2007, 'Used-Fair', 'Fine fabric and modular design, L Shaped comfortable and accomodates 8');
INSERT INTO ITEM_CONDITION VALUES (2008, 'Used-Good', 'A top quality floor lamp creating a cozy vibe ');
INSERT INTO ITEM_CONDITION VALUES (2009, 'Used-Fair', 'Unique material and gorgeous design');
INSERT INTO ITEM_CONDITION VALUES (2010, 'Used-Good', ' Water resistant material that keep your laptop dust free');
INSERT INTO ITEM_CONDITION VALUES (2011, 'Used-Like New', 'Durable holders used to store pens, pencils and other items');
INSERT INTO ITEM_CONDITION VALUES (2012, 'Used-Like New', 'Long lasting teak wood with beautiful carvings');
INSERT INTO ITEM_CONDITION VALUES (2013, 'Used-Good', 'Generous carrying capacity with laptop sleeve and headphone loop');

INSERT INTO CATEGORYY VALUES(3001, 'FURNITURE');
INSERT INTO CATEGORYY VALUES(3002, 'CLOTH');
INSERT INTO CATEGORYY VALUES(3003, 'FOOTWEAR');
INSERT INTO CATEGORYY VALUES(3004, 'ELECTRONICS');
INSERT INTO CATEGORYY VALUES(3005, 'STATIONARY');
INSERT INTO CATEGORYY VALUES(3006, 'COSMETICS');
INSERT INTO CATEGORYY VALUES(3007, 'OTHERS');