-- Inserting into ZIP_CODE table
INSERT INTO ZIP_CODE  VALUES  (01867, 'Reading', 'MA', 'USA');
INSERT INTO ZIP_CODE  VALUES  (07728, 'Freehold', 'NJ', 'USA');
INSERT INTO ZIP_CODE  VALUES  (91733, 'South El Mote', 'CA', 'USA');
INSERT INTO ZIP_CODE  VALUES  (15401, 'Uniontown', 'PA', 'USA');
INSERT INTO ZIP_CODE  VALUES  (06010, 'Bristol', 'CT', 'USA');
INSERT INTO ZIP_CODE  VALUES  (11561, 'Long Beach', 'NY', 'USA');
INSERT INTO ZIP_CODE  VALUES  (97603, 'Kamath Falls', 'OR', 'USA');
INSERT INTO ZIP_CODE  VALUES  (17011, 'Camp Hill', 'PA', 'USA');
INSERT INTO ZIP_CODE  VALUES  (27103, 'Winston Salem', 'NC', 'USA');
INSERT INTO ZIP_CODE  VALUES  (32127, 'Port Orange', 'FL', 'USA');
INSERT INTO ZIP_CODE  VALUES  (18901, 'Doylestown', 'PA', 'USA');
INSERT INTO ZIP_CODE  VALUES  (32804, 'Saint Augustine', 'FL', 'USA');
INSERT INTO ZIP_CODE  VALUES  (02852, 'North Kingstown', 'RI', 'USA');
INSERT INTO ZIP_CODE  VALUES  (17402, 'York', 'PA', 'USA');
INSERT INTO ZIP_CODE  VALUES  (20854, 'Potomac', 'MD', 'USA');
INSERT INTO ZIP_CODE  VALUES  (30274, 'Riverdale', 'GA', 'USA');
INSERT INTO ZIP_CODE  VALUES  (11791, 'Syosset', 'NY', 'USA');
INSERT INTO ZIP_CODE  VALUES  (70605, 'Lake Charles', 'LA', 'USA');
INSERT INTO ZIP_CODE  VALUES  (12401, 'Kingston', 'NY', 'USA');
INSERT INTO ZIP_CODE  VALUES  (60085, 'Waukegan', 'IL', 'USA');

--Address table
INSERT INTO ADDRESS VALUES(1001, '4', 'Country Club Street', 01867);
INSERT INTO ADDRESS VALUES(1002, '9482', 'Summerhouse Street', 07728);
INSERT INTO ADDRESS VALUES(1003, '583', 'Cottage Street', 91733);
INSERT INTO ADDRESS VALUES(1004, '340', 'Greenview Lane', 15401);
INSERT INTO ADDRESS VALUES(1005, '7456', 'Lafayette St', 06010);
INSERT INTO ADDRESS VALUES(1006, '36', '4th Street',11561);
INSERT INTO ADDRESS VALUES(1007, '7043', 'S Goldfield Lane', 97603);
INSERT INTO ADDRESS VALUES(1008, '98', 'Roehampton Rd', 17011);
INSERT INTO ADDRESS VALUES(1009,'42', 'Clinton Street', 27103);
INSERT INTO ADDRESS VALUES(1010, '7782', 'E. Glenlake Drive', 32127);
INSERT INTO ADDRESS VALUES(1011, '9699', 'Green Lake Street', 18901);
INSERT INTO ADDRESS VALUES(1012, '504', 'Roehampton Rd', 32804);
INSERT INTO ADDRESS VALUES(1013, '614', 'Forest Street', 02852);
INSERT INTO ADDRESS VALUES(1014, '756', 'W.Mechanic St', 17402);
INSERT INTO ADDRESS VALUES(1015, '30', 'Galvin Street', 20854);
INSERT INTO ADDRESS VALUES(1016, '2', 'South Ann Street', 30274);
INSERT INTO ADDRESS VALUES(1017, '8029', 'Peachtree Lane', 11791);
INSERT INTO ADDRESS VALUES(1018, '25', 'Nut Swampt Street', 70605);
INSERT INTO ADDRESS VALUES(1019, '70', 'Constitution Rd', 12401);
INSERT INTO ADDRESS VALUES(1020, '499', 'Morris Drive', 60085 );

INSERT INTO CUSTOMER VALUES(5001, 'Wade Alvarez', 'wade123', 'Wade_Alvarez', '06-JUN-1973', 4894004252, 'Wade_Alvarez@gmail.com', 1010);
INSERT INTO CUSTOMER VALUES(5002, 'Jody Carr', 'carrcarr',  'Jody_Carr', '21-FEB-1973',  3428576263,'Jody_Carr@gmail.com', 1008);
INSERT INTO CUSTOMER VALUES(5003, 'Brad Black', 'brad_bl',  'Brad_Black', '09-MAY-2010', 4319951173,'Brad_Black123@gmail.com', 1009);
INSERT INTO CUSTOMER VALUES(5004, 'Darrin Washington', 'darrinw144', 'Darrin_Washington','05-MAR-2002', 5655293441,'Darrin_Washing@gmail.com',1011);
INSERT INTO CUSTOMER VALUES(5005, 'Karen Lopez', 'karenlopez@99', 'Karen_Lopez', '30-NOV-1969',   7005928143,'KarenLopez@gmail.com', 1006);
INSERT INTO CUSTOMER VALUES(5006, 'Kelly Thomas', 'qwerty1122', 'Kelly_Thomas', '29-APR-1961',  6506640312,'Kellythomas@gmail.com' ,1016);
INSERT INTO CUSTOMER VALUES(5007, 'Julian Wells', 'wells@76', 'Julian_Wells', '05-JAN-1965',  6397490511,'Julianwells@yahoo.com', 1001);
INSERT INTO CUSTOMER VALUES(5008, 'Gregory Palmer', 'palmergreg', 'Gregory_Palmer', '07-FEB-1992',  4686720114,'Gregory89Palmer@gmail.com', 1018);
INSERT INTO CUSTOMER VALUES(5009, 'Carla Neal', 'neal11', 'Carla_Neal', '06-APR-1960',  7485766983,'Carlaneal@gmail.com', 1017);
INSERT INTO CUSTOMER VALUES(5010, 'Mandy Hamilton', 'hamilton-mandy1', 'Mandy_Hamilton', '21-SEP-1960',  4697521902,'Mandy_hamilton@yahoo.com', 1007);
INSERT INTO CUSTOMER VALUES(5011, 'Andrea Brewer', 'brewer_2', 'Andrea_Brewer', '05-OCT-2008',  8542342689,'Andreabrewer@gmail.com', 1019);
INSERT INTO CUSTOMER VALUES(5012, 'Wallace Osborne', 'oswallace', 'Wallace_Osborne', '22-NOV-1977',  5877636912,'Wallaceosborne@yahoo.com', 1012);
INSERT INTO CUSTOMER VALUES(5013, 'Vickie Pena', 'pena_v12','Vickie_Pena', '08-JAN-1994',  4328927927,'Vickie_123pena@yahoo.com', 1002);
INSERT INTO CUSTOMER VALUES(5014, 'Danny Guerrero', 'dann754', 'Danny_Guerrero', '19-OCT-1974',  8845814087,'Dannyguerrero@gmail.com', 1013);
INSERT INTO CUSTOMER VALUES(5015, 'Andrew Myers', 'myersandrew', 'Andrew_Myers', '30-JAN-1977', 361968554,'Andrewmyers@gmail.com',  1005);
INSERT INTO CUSTOMER VALUES(5016, 'Betty Shelton', 'betty33', 'Betty_Shelton', '03-MAR-1973',  3946433835,'SheltonBetty@gmail.com', 1014);
INSERT INTO CUSTOMER VALUES(5017, 'Amy Morris', 'amy21', 'Amy_Morris', '11-NOV-1989',  7975690512,'Amy_Morris@gmail.com', 1003);
INSERT INTO CUSTOMER VALUES(5018, 'Nicole Larson', 'nicole_l', 'Nicole_Larson', '17-MAY-2002',  2152369726,'Larson_n@gmail.com', 1015);
INSERT INTO CUSTOMER VALUES(5019, 'Vicki Simpson', 'vicks1', 'Vicki_Simpson', '02-MAR-1990',  9184961776,'Vickisimpson123@gmail.com', 1020);
INSERT INTO CUSTOMER VALUES(5020, 'Amos Gibbs', 'amos23', 'Amos_Gibbs', '01-DEC-1994',  5842256768,'Amosgibbs@yahoo.com', 1004);

INSERT INTO SELLER VALUES(6001, 'Faith Jennings', 'Faith_Jennings', 'faith123', 2212786065,'jennings_faith@gmail.com',  1010);
INSERT INTO SELLER VALUES(6002, 'Kelvin Williams', 'Kelvin_Williams', 'Kelvin_Williams',  7546249541,'williams@gmail.com', 1008);
INSERT INTO SELLER VALUES(6003, 'Nicole Weaver', 'Nicole_Weaver', 'nicole33',  3049537937,'weaver_ni123@gmail.com', 1009);
INSERT INTO SELLER VALUES(6004, 'Mindy Munoz', 'Mindy_Munoz', 'Mindy_Munoz', 5006739512, 'mindy_munoz@gmail.com', 1011);
INSERT INTO SELLER VALUES(6005, 'Glen Gross', 'Glen_Gross', 'Glen093',  4374048589,'glengross@gmail.com', 1006);
INSERT INTO SELLER VALUES(6006, 'Tabitha Garner', 'Tabitha_Garner', 'TabithaGarner',  5849798416,'tabitha@gmail.com', 1016);
INSERT INTO SELLER VALUES(6007, 'Leroy Adkins', 'Leroy_Adkins', 'Leroy11Adkins', 3679735652,'leroyadkins@yahoo.com',  1001);
INSERT INTO SELLER VALUES(6008, 'Heather Ruiz', 'Heather_Ruiz', 'Heather_Ruiz',  9612629933,'ruizzheather@gmail.com', 1018);
INSERT INTO SELLER VALUES(6009, 'Candice Nash', 'Candice_Nash', 'Candice12Nash', 6523538206, 'nashcandice@gmail.com', 1017);
INSERT INTO SELLER VALUES(6010, 'Louise Hubbard', 'Louise_Hubbard', 'LHubbard',  8686555962,'hubbard@yahoo.com', 1007);

INSERT INTO ITEM_CONDITION VALUES (2001, 'Used-Like New' , 'Chair without arm rest');
INSERT INTO ITEM_CONDITION VALUES (2002, 'Used-Good', 'Branded worn only once');
INSERT INTO ITEM_CONDITION VALUES (2003, 'Used-Fair', 'Breathable running shoes for hot summer');
INSERT INTO ITEM_CONDITION VALUES (2004, 'Used-Good', 'Stylish light weight compact and modern study table');
INSERT INTO ITEM_CONDITION VALUES (2005, 'Used-Fair', 'Best crafting scissors for different patterns');
INSERT INTO ITEM_CONDITION VALUES (2006, 'Used-Good', 'Best blend of camera quality and battery life, latest model at the right price');
INSERT INTO ITEM_CONDITION VALUES (2007, 'Used-Fair', 'Fine fabric and modular design, L Shaped comfortable and accomodates 8');
INSERT INTO ITEM_CONDITION VALUES (2008, 'Used-Good', 'A top quality floor lamp creating a cozy vibe ');
INSERT INTO ITEM_CONDITION VALUES (2009, 'Used-Fair', 'Unique material and gorgeous design');
INSERT INTO ITEM_CONDITION VALUES (2010, 'Used-Good', ' Water resistant material that keep your laptop dust free');
INSERT INTO ITEM_CONDITION VALUES (2011, 'Used-Like New', 'Durable holders used to store pens, pencils and other items');
INSERT INTO ITEM_CONDITION VALUES (2012, 'Used-Like New', 'Long lasting teak wood with beautiful carvings');
INSERT INTO ITEM_CONDITION VALUES (2013, 'Used-Good', 'Generous carrying capacity with laptop sleeve and headphone loop');
INSERT INTO ITEM_CONDITION VALUES (2014, 'Used-Good', 'Pointed heels, branded and attractive color');
INSERT INTO ITEM_CONDITION VALUES (2015, 'Used-Good', 'Leopard design case for iphone max series');
INSERT INTO ITEM_CONDITION VALUES (2016, 'Used-Fair', 'Quick heating and easy cleaning');
INSERT INTO ITEM_CONDITION VALUES (2017, 'Used-Like New', 'Down jacket that keeps you warm, attractive color and can be double sided');
INSERT INTO ITEM_CONDITION VALUES (2018, 'Used-Good', 'Meshed back rest with arm rest');
INSERT INTO ITEM_CONDITION VALUES (2019, 'Used-Like New', 'Versatile sweatshirt with long sleeves perfect for a chilly weather');
INSERT INTO ITEM_CONDITION VALUES (2020, 'Used-Like New', 'Germ killing ability, antispetic and reasonable price');



INSERT INTO CATEGORYY VALUES(3001, 'FURNITURE');
INSERT INTO CATEGORYY VALUES(3002, 'CLOTH');
INSERT INTO CATEGORYY VALUES(3003, 'FOOTWEAR');
INSERT INTO CATEGORYY VALUES(3004, 'ELECTRONICS');
INSERT INTO CATEGORYY VALUES(3005, 'STATIONARY');
INSERT INTO CATEGORYY VALUES(3006, 'COSMETICS');
INSERT INTO CATEGORYY VALUES(3007, 'OTHERS');

INSERT INTO ITEM VALUES (11001, 'Chair', 40, 6001, 2001, 3001, 5001);
INSERT INTO ITEM VALUES (11002, 'T-shirt', 10, 6002, 2002, 3002, 5002);
INSERT INTO ITEM VALUES (11003, 'Shoes', 30, 6003, 2003, 3003, 5003);
INSERT INTO ITEM VALUES (11004, 'Study table', 50, 6004, 2004, 3001, 5004);
INSERT INTO ITEM VALUES (11005, 'Scissor', 5, 6005, 2005, 3005, 5005);
INSERT INTO ITEM VALUES (11006, 'Smart phone', 100, 6010, 2006, 3004, 5006);
INSERT INTO ITEM VALUES (11007, 'Sofa', 90, 6009, 2007, 3001, 5007);
INSERT INTO ITEM VALUES (11008, 'Lamp', 40, 6008, 2008, 3001, 5008);
INSERT INTO ITEM VALUES (11009, 'Frock', 20, 6007, 2009, 3002, 5009);
INSERT INTO ITEM VALUES (11010, 'Laptop cover', 150, 6006, 2010, 3005, 5010);
INSERT INTO ITEM VALUES (11011, 'Pen stand', 10, 6010, 2011, 3005, 5011);
INSERT INTO ITEM VALUES (11012, 'Table', 45, 6002, 2012, 3001, 5012);
INSERT INTO ITEM VALUES (11013, 'Bagpack', 25, 6003, 2013, 3005, 5013);
INSERT INTO ITEM VALUES (11014, 'High heels', 35, 6004, 2014, 3003, 5014);
INSERT INTO ITEM VALUES (11015, 'Phone case', 12, 6005, 2015, 3005, 5015);
INSERT INTO ITEM VALUES (11016, 'Gas grill', 90, 6002, 2016, 3007, 5016);
INSERT INTO ITEM VALUES (11017, 'Jacket', 45, 6009, 2017, 3002, 5017);
INSERT INTO ITEM VALUES (11018, 'Chair', 52, 6008, 2018, 3001, 5018);
INSERT INTO ITEM VALUES (11019, 'Sweatshirt', 48, 6007, 2019, 3002, 5019);
INSERT INTO ITEM VALUES (11020, 'Soap', 16, 6006, 2020, 3006, 5020);

INSERT INTO SHIPPER VALUES(4001, 4106322422, 'Nessa Nicola', 'Nicola22', 'Nicola123@33', 'nicola.ne123@gmail.com', 20854);
INSERT INTO SHIPPER VALUES(4002, 2173572537, 'Percival Coy', 'Coyper', 'Per@val', 'coy.coper123@yahoo.com', 18901);
INSERT INTO SHIPPER VALUES(4003, 7084895983, 'Astrid Tennyson', 'Tennysonas', 'Te11nnysonas', 'astrid54@gmail.com', 17402);
INSERT INTO SHIPPER VALUES(4004, 2538406821, 'Irma Sherman', 'sherman.i', 'sherman_123#', 'i.sherman@hotmail.com', 17011);
INSERT INTO SHIPPER VALUES(4005, 2623777828, 'Debra Wagner', 'wagner.d', 'wagner12!)', 'debrawag@gmail.com', 15401);
INSERT INTO SHIPPER VALUES(4006, 4075442029, 'Lori Moran', 'moran.l', 'moran*47', 'lori@yahoo.com', 12401);
INSERT INTO SHIPPER VALUES(4007, 6062513667, 'Brent Ramirez', 'ramirez.b', 'brent)831!', 'brentram123@outlook.com', 11791);
INSERT INTO SHIPPER VALUES(4008, 5702873056, 'Tony Miller', 'miller.t', 'tony.m!234', 'tony.miller123@gmail.com', 11561);
INSERT INTO SHIPPER VALUES(4009, 8174534450, 'Brian Stokes', 'stokes.b', 'brian!376', 'brian.s98@gmail.com', 7728);
INSERT INTO SHIPPER VALUES(4010, 5304673107, 'Pat Mendoza', 'mendoza123', 'patmend134!%', 'pat.men123@gmail.com', 6010);
INSERT INTO SHIPPER VALUES(4011, 9856748391, 'Guy Mcbride', 'mcgug_pat', 'guymcb!23', 'guymcb34%@gmail.com', 2852);

INSERT INTO CART VALUES(7001, 4, 130);
INSERT INTO CART VALUES(7002, 2, 105);
INSERT INTO CART VALUES(7003, 5, 310);
INSERT INTO CART VALUES(7004, 3, 105);
INSERT INTO CART VALUES(7005, 1, 12);
INSERT INTO CART VALUES(7006, 2, 135);
INSERT INTO CART VALUES(7007, 4, 216);
INSERT INTO CART VALUES(7008, 3, 525);
INSERT INTO CART VALUES(7009, 4, 340);
INSERT INTO CART VALUES(7010, 2, 150);
INSERT INTO CART VALUES(7011, 1, 70);
INSERT INTO CART VALUES(7012, 4, 270);
INSERT INTO CART VALUES(7013, 2, 140);
INSERT INTO CART VALUES(7014, 3, 270);
INSERT INTO CART VALUES(7015, 4, 360);
INSERT INTO CART VALUES(7016, 6, 540);
INSERT INTO CART VALUES(7017, 3, 260);
INSERT INTO CART VALUES(7018, 5, 450);
INSERT INTO CART VALUES(7019, 2, 110);
INSERT INTO CART VALUES(7020, 6, 510);

INSERT INTO ORDERR VALUES(8001, '11-JAN-2020',5001,7001);
INSERT INTO ORDERR VALUES(8002, '25-JAN-2020',5002,7002);
INSERT INTO ORDERR VALUES(8003, '24-FEB-2021',5003,7003);
INSERT INTO ORDERR VALUES(8004, '28-MAR-2020',5004,7004);
INSERT INTO ORDERR VALUES(8005, '27-APR-2020',5005,7005);
INSERT INTO ORDERR VALUES(8006, '09-MAY-2020',5006,7006);
INSERT INTO ORDERR VALUES(8007, '10-JUN-2020',5007,7007);
INSERT INTO ORDERR VALUES(8008, '16-JUL-2020',5008,7008);
INSERT INTO ORDERR VALUES(8009, '28-AUG-2020',5009,7009);
INSERT INTO ORDERR VALUES(8010, '14-SEP-2020',5010,7010);
INSERT INTO ORDERR VALUES(8011, '20-OCT-2020',5011,7011);
INSERT INTO ORDERR VALUES(8012, '12-NOV-2020',5012,7012);
INSERT INTO ORDERR VALUES(8013, '14-JAN-2021',5013,7013);
INSERT INTO ORDERR VALUES(8014, '27-FEB-2021',5014,7014);
INSERT INTO ORDERR VALUES(8015, '18-MAR-2021',5015,7015);
INSERT INTO ORDERR VALUES(8016, '26-APR-2021',5016,7016);
INSERT INTO ORDERR VALUES(8017, '22-APR-2021',5017,7017);
INSERT INTO ORDERR VALUES(8018, '23-APR-2021',5018,7018);
INSERT INTO ORDERR VALUES(8019, '05-MAR-2021',5019,7019);
INSERT INTO ORDERR VALUES(8020, '23-JAN-2021',5020,7020);

INSERT INTO PAYMENT VALUES(9001, 130, 'CREDIT', '11-JAN-2020', 8001);
INSERT INTO PAYMENT VALUES(9002, 105, 'DEBIT', '25-JAN-2020', 8002);
INSERT INTO PAYMENT VALUES(9003, 310, 'PAYPAL', '24-FEB-2021', 8003);
INSERT INTO PAYMENT VALUES(9004, 105, 'CREDIT', '28-MAR-2020', 8004);
INSERT INTO PAYMENT VALUES(9005, 12, 'PAYPAL', '27-MAR-2020', 8005);
INSERT INTO PAYMENT VALUES(9006, 135, 'CREDIT', '09-MAY-2020', 8006);
INSERT INTO PAYMENT VALUES(9007, 216, 'CREDIT', '10-JUN-2020', 8007);
INSERT INTO PAYMENT VALUES(9008, 525, 'CREDIT', '16-JUL-2020', 8008);
INSERT INTO PAYMENT VALUES(9009, 340, 'DEBIT', '28-AUG-2020', 8009);
INSERT INTO PAYMENT VALUES(9010, 150, 'CREDIT', '14-SEP-2020', 8010);
INSERT INTO PAYMENT VALUES(9011, 70, 'DEBIT', '20-OCT-2020', 8011);
INSERT INTO PAYMENT VALUES(9012, 270, 'CREDIT', '12-NOV-2020', 8012);
INSERT INTO PAYMENT VALUES(9013, 140, 'PAYPAL', '14-JAN-2021', 8013);
INSERT INTO PAYMENT VALUES(9014, 270, 'CREDIT', '27-FEB-2021', 8014);
INSERT INTO PAYMENT VALUES(9015, 360, 'CREDIT', '18-MAR-2021', 8015);
INSERT INTO PAYMENT VALUES(9016, 540, 'DEBIT', '26-APR-2021', 8016);
INSERT INTO PAYMENT VALUES(9017, 260, 'CREDIT', '22-APR-2021', 8017);
INSERT INTO PAYMENT VALUES(9018, 450, 'CREDIT', '23-APR-2021', 8018);
INSERT INTO PAYMENT VALUES(9019, 110, 'DEBIT', '05-MAR-2021', 8019);
INSERT INTO PAYMENT VALUES(9020, 510, 'PAYPAL', '23-JAN-2021', 8020);

INSERT INTO SHIPMENT VALUES(10001, '21-JAN-2020', 'DELIVERED', 1015, 4001, 9001);
INSERT INTO SHIPMENT VALUES(10002, '30-JAN-2020', 'DELIVERED', 1011, 4011, 9002);
INSERT INTO SHIPMENT VALUES(10003, '17-APR-2021', 'SHIPPING', 1004, 4002, 9003);
INSERT INTO SHIPMENT VALUES(10004, '01-MAY-2020', 'CANCELED', 1016, 4001, 9004);
INSERT INTO SHIPMENT VALUES(10005, '04-APR-2020', 'DELIVERED', 1019, 4003, 9005);
INSERT INTO SHIPMENT VALUES(10006, '30-MAY-2020', 'DELIVERED', 1005, 4004, 9006);
INSERT INTO SHIPMENT VALUES(10007, '04-JUL-2020', 'DELIVERED', 1001, 4006, 9007);
INSERT INTO SHIPMENT VALUES(10008, '30-JUL-2020', 'DELIVERED', 1003, 4005, 9008);
INSERT INTO SHIPMENT VALUES(10009, '18-SEP-2020', 'DELIVERED', 1009, 4007, 9009);
INSERT INTO SHIPMENT VALUES(10010, '30-OCT-2020', 'DELIVERED', 1007, 4002, 9010);
INSERT INTO SHIPMENT VALUES(10011, '03-NOV-2020', 'CANCELED', 1015, 4001, 9011);
INSERT INTO SHIPMENT VALUES(10012, '17-NOV-2020', 'DELIVERED', 1007, 4009, 9012);
INSERT INTO SHIPMENT VALUES(10013, '22-FEB-2021', 'DELIVERED', 1013, 4010, 9013);
INSERT INTO SHIPMENT VALUES(10014, '25-FEB-2021', 'DELIVERED', 1020, 4011, 9014);
INSERT INTO SHIPMENT VALUES(10015, '04-APR-2021', 'DELIVERED', 1012, 4003, 9015);
INSERT INTO SHIPMENT VALUES(10016, '29-APR-2021', 'SHIPPING', 1008, 4001, 9016);
INSERT INTO SHIPMENT VALUES(10017, '24-APR-2021', 'SHIPPING', 1017, 4004, 9017);
INSERT INTO SHIPMENT VALUES(10018, '25-APR-2021', 'SHIPPING', 1002, 4006, 9018);
INSERT INTO SHIPMENT VALUES(10019, '20-APR-2021', 'SHIPPING', 1018, 4005, 9019);
INSERT INTO SHIPMENT VALUES(10020, '30-JAN-2021', 'CANCELED', 1010, 4008, 9020);

INSERT INTO ITEM_CART VALUES (11001, 7001);
INSERT INTO ITEM_CART VALUES (11002, 7001);
INSERT INTO ITEM_CART VALUES (11003, 7001);
INSERT INTO ITEM_CART VALUES (11004, 7001);
INSERT INTO ITEM_CART VALUES (11005, 7002);
INSERT INTO ITEM_CART VALUES (11006, 7002);
INSERT INTO ITEM_CART VALUES (11007, 7003);
INSERT INTO ITEM_CART VALUES (11008, 7003);
INSERT INTO ITEM_CART VALUES (11009, 7003);
INSERT INTO ITEM_CART VALUES (11010, 7003);
INSERT INTO ITEM_CART VALUES (11011, 7003);
INSERT INTO ITEM_CART VALUES (11012, 7004);
INSERT INTO ITEM_CART VALUES (11013, 7004);
INSERT INTO ITEM_CART VALUES (11014, 7004);
INSERT INTO ITEM_CART VALUES (11015, 7005);
INSERT INTO ITEM_CART VALUES (11016, 7006);
INSERT INTO ITEM_CART VALUES (11017, 7006);
INSERT INTO ITEM_CART VALUES (11018, 7007);
INSERT INTO ITEM_CART VALUES (11019, 7007);
INSERT INTO ITEM_CART VALUES (11020, 7007);